status,source_file,token_raw,stockist_no,dd_no,ocr_date,target_name,detail
SKIP_NO_DN,D:\Stockist&Test Report\Stockist Cert\Stockist  cert & Mill Cert of 4931-1.pdf,4931-1,4931,,,,no reverse mapping
SKIP_NO_DN,D:\Stockist&Test Report\Stockist Cert\Stockist  cert & Mill Cert of 4931-2.pdf,4931-2,4931,,,,no reverse mapping
SKIP_NO_DN,D:\Stockist&Test Report\Stockist Cert\Stockist  cert & Mill Cert of 4931-3.pdf,4931-3,4931,,,,no reverse mapping
SKIP_NO_DN,D:\Stockist&Test Report\Stockist Cert\Stockist  Mill cert & mill cert of 1041-1.pdf,1041-1,1041,,,,no reverse mapping
SKIP_NO_DN,D:\Stockist&Test Report\Stockist Cert\Stockist  Mill cert & mill cert of 1041-2.pdf,1041-2,1041,,,,no reverse mapping
SKIP_NO_DN,D:\Stockist&Test Report\Stockist Cert\Stockist  Mill cert & mill cert of 1041-3.pdf,1041-3,1041,,,,no reverse mapping
SKIP_NO_DN,D:\Stockist&Test Report\Stockist Cert\Stockist  Mill cert & mill cert of 1041-4.pdf,1041-4,1041,,,,no reverse mapping
SKIP_NO_DN,D:\Stockist&Test Report\Stockist Cert\Stockist  Mill cert & mill cert of 2962-1.pdf,2962-1,2962,,,,no reverse mapping
SKIP_NO_DN,D:\Stockist&Test Report\Stockist Cert\Stockist  Mill cert & mill cert of 2962-2.pdf,2962-2,2962,,,,no reverse mapping
SKIP_NO_DN,D:\Stockist&Test Report\Stockist Cert\Stockist  Mill Cert & mill cert of 3706-1.pdf,3706-1,3706,,,,no reverse mapping
SKIP_NO_DN,D:\Stockist&Test Report\Stockist Cert\Stockist  Mill Cert & mill cert of 3706-2.pdf,3706-2,3706,,,,no reverse mapping
SKIP_NO_DN,D:\Stockist&Test Report\Stockist Cert\Stockist  Mill Cert & mill cert of 3706-3.pdf,3706-3,3706,,,,no reverse mapping
SKIP_NO_DN,D:\Stockist&Test Report\Stockist Cert\Stockist  Mill Cert & mill cert of 3706-4.pdf,3706-4,3706,,,,no reverse mapping
SKIP_NO_DN,D:\Stockist&Test Report\Stockist Cert\Stockist  Mill Cert & mill cert of 3706-5.pdf,3706-5,3706,,,,no reverse mapping
SKIP_NO_DN,D:\Stockist&Test Report\Stockist Cert\Stockist  Mill Cert & mill cert of 4391-1.pdf,4391-1,4391,,,,no reverse mapping
SKIP_NO_DN,D:\Stockist&Test Report\Stockist Cert\Stockist  Mill Cert & mill cert of 4391-2.pdf,4391-2,4391,,,,no reverse mapping
SKIP_NO_DN,D:\Stockist&Test Report\Stockist Cert\Stockist  Mill Cert & mill cert of 4391-3.pdf,4391-3,4391,,,,no reverse mapping
SKIP_NO_DN,D:\Stockist&Test Report\Stockist Cert\Stockist  Mill Cert & mill cert of C0191.pdf,C0191,C0191,,,,no reverse mapping
SKIP_NO_DN,D:\Stockist&Test Report\Stockist Cert\Stockist  Mill Cert & mill cert of C0192.pdf,C0192,C0192,,,,no reverse mapping
SKIP_NO_DN,D:\Stockist&Test Report\Stockist Cert\Stockist  Mill Cert & mill cert of D1900364-1.pdf,D1900364-1,D1900364,,,,no reverse mapping
SKIP_NO_DN,D:\Stockist&Test Report\Stockist Cert\Stockist  Mill Cert & mill cert of DN112696-2.pdf,DN112696-2,DN112696,,,,no reverse mapping
SKIP_CONFLICT,D:\Stockist&Test Report\Stockist Cert\Stockist  Mill Cert & mill cert of KL2239.pdf,KL2239,KL2239,SS66190,08_JUN_2019,SS66190_KL2239_08_JUN_2019.pdf,target exists
SKIP_NO_DN,D:\Stockist&Test Report\Stockist Cert\Stockist &  Mill Cert of S1900295.pdf,S1900295,S1900295,,,,no reverse mapping
SKIP_NO_DN,D:\Stockist&Test Report\Stockist Cert\Stockist &  Mill Cert of S1900296.pdf,S1900296,S1900296,,,,no reverse mapping
SKIP_NO_DN,D:\Stockist&Test Report\Stockist Cert\Stockist &  Mill Cert of S1900297.pdf,S1900297,S1900297,,,,no reverse mapping
SKIP_NO_DN,D:\Stockist&Test Report\Stockist Cert\Stockist &  Mill Cert of S1900298.pdf,S1900298,S1900298,,,,no reverse mapping
SKIP_NO_DN,D:\Stockist&Test Report\Stockist Cert\Stockist &  Mill Cert of S1900299.pdf,S1900299,S1900299,,,,no reverse mapping
SKIP_NO_DN,D:\Stockist&Test Report\Stockist Cert\Stockist & mill cert of D1900086.pdf,D1900086,D1900086,,,,no reverse mapping
SKIP_NO_DN,D:\Stockist&Test Report\Stockist Cert\Stockist cert &  Mill Cert of D1900363.pdf,D1900363,D1900363,,,,no reverse mapping
SKIP_NO_DN,D:\Stockist&Test Report\Stockist Cert\Stockist cert & mill cert of 2159-1.pdf,2159-1,2159,,,,no reverse mapping
SKIP_NO_DN,D:\Stockist&Test Report\Stockist Cert\Stockist cert & mill cert of 2159-2.pdf,2159-2,2159,,,,no reverse mapping
SKIP_NO_DN,D:\Stockist&Test Report\Stockist Cert\Stockist cert & mill cert of 2159-3.pdf,2159-3,2159,,,,no reverse mapping
SKIP_NO_DN,D:\Stockist&Test Report\Stockist Cert\Stockist cert & mill cert of 2159-4.pdf,2159-4,2159,,,,no reverse mapping
SKIP_NO_DN,D:\Stockist&Test Report\Stockist Cert\Stockist cert & mill cert of 2164-1.pdf,2164-1,2164,,,,no reverse mapping
SKIP_NO_DN,D:\Stockist&Test Report\Stockist Cert\Stockist cert & mill cert of 2164-2.pdf,2164-2,2164,,,,no reverse mapping
SKIP_NO_DN,D:\Stockist&Test Report\Stockist Cert\Stockist cert & mill cert of 2170-1.pdf,2170-1,2170,,,,no reverse mapping
SKIP_NO_DN,D:\Stockist&Test Report\Stockist Cert\Stockist cert & mill cert of 2170-2.pdf,2170-2,2170,,,,no reverse mapping
SKIP_NO_DN,D:\Stockist&Test Report\Stockist Cert\Stockist cert & mill cert of 2170-3.pdf,2170-3,2170,,,,no reverse mapping
SKIP_NO_DN,D:\Stockist&Test Report\Stockist Cert\Stockist cert & mill cert of 2170-4.pdf,2170-4,2170,,,,no reverse mapping
SKIP_NO_DN,D:\Stockist&Test Report\Stockist Cert\Stockist cert & mill cert of 2170-5.pdf,2170-5,2170,,,,no reverse mapping
SKIP_NO_DN,D:\Stockist&Test Report\Stockist Cert\Stockist cert & mill cert of 2170-6.pdf,2170-6,2170,,,,no reverse mapping
SKIP_NO_DN,D:\Stockist&Test Report\Stockist Cert\Stockist cert & mill cert of 2170-7.pdf,2170-7,2170,,,,no reverse mapping
SKIP_NO_DN,D:\Stockist&Test Report\Stockist Cert\Stockist cert & mill cert of 2172-1.pdf,2172-1,2172,,,,no reverse mapping
SKIP_NO_DN,D:\Stockist&Test Report\Stockist Cert\Stockist cert & mill cert of 2172-2.pdf,2172-2,2172,,,,no reverse mapping
SKIP_NO_DN,D:\Stockist&Test Report\Stockist Cert\Stockist cert & mill cert of 2172-3.pdf,2172-3,2172,,,,no reverse mapping
SKIP_NO_DN,D:\Stockist&Test Report\Stockist Cert\Stockist cert & mill cert of 2962-3.pdf,2962-3,2962,,,,no reverse mapping
SKIP_NO_DN,D:\Stockist&Test Report\Stockist Cert\Stockist cert & mill cert of 2962-4.pdf,2962-4,2962,,,,no reverse mapping
SKIP_NO_DN,D:\Stockist&Test Report\Stockist Cert\Stockist cert & mill cert of 2962-5.pdf,2962-5,2962,,,,no reverse mapping
SKIP_NO_DN,D:\Stockist&Test Report\Stockist Cert\Stockist cert & mill cert of 3279-1.pdf,3279-1,3279,,,,no reverse mapping
SKIP_NO_DN,D:\Stockist&Test Report\Stockist Cert\Stockist cert & mill cert of 3279-2.pdf,3279-2,3279,,,,no reverse mapping
SKIP_NO_DN,D:\Stockist&Test Report\Stockist Cert\Stockist cert & mill cert of 5550-1.pdf,5550-1,5550,,,,no reverse mapping
SKIP_NO_DN,D:\Stockist&Test Report\Stockist Cert\Stockist cert & mill cert of 5550-2.pdf,5550-2,5550,,,,no reverse mapping
SKIP_NO_DN,D:\Stockist&Test Report\Stockist Cert\Stockist cert & mill cert of 5550-3.pdf,5550-3,5550,,,,no reverse mapping
SKIP_NO_DN,D:\Stockist&Test Report\Stockist Cert\Stockist cert & mill cert of 5550-4.pdf,5550-4,5550,,,,no reverse mapping
SKIP_NO_DN,D:\Stockist&Test Report\Stockist Cert\Stockist cert & mill cert of 7129-1.pdf,7129-1,7129,,,,no reverse mapping
SKIP_NO_DN,D:\Stockist&Test Report\Stockist Cert\Stockist cert & mill cert of 7129-2.pdf,7129-2,7129,,,,no reverse mapping
SKIP_NO_DN,D:\Stockist&Test Report\Stockist Cert\Stockist cert & mill cert of 7350-1.pdf,7350-1,7350,,,,no reverse mapping
SKIP_NO_DN,D:\Stockist&Test Report\Stockist Cert\Stockist cert & mill cert of 7350-2.pdf,7350-2,7350,,,,no reverse mapping
SKIP_NO_DN,D:\Stockist&Test Report\Stockist Cert\Stockist cert & mill cert of 7350-3.pdf,7350-3,7350,,,,no reverse mapping
SKIP_NO_DN,D:\Stockist&Test Report\Stockist Cert\Stockist cert & mill cert of 7350-4.pdf,7350-4,7350,,,,no reverse mapping
SKIP_NO_DN,D:\Stockist&Test Report\Stockist Cert\Stockist cert & mill cert of 7350-5.pdf,7350-5,7350,,,,no reverse mapping
SKIP_NO_DN,D:\Stockist&Test Report\Stockist Cert\Stockist cert & mill cert of 7350-6.pdf,7350-6,7350,,,,no reverse mapping
SKIP_NO_DN,D:\Stockist&Test Report\Stockist Cert\Stockist cert & mill cert of 7350-7.pdf,7350-7,7350,,,,no reverse mapping
SKIP_NO_DN,D:\Stockist&Test Report\Stockist Cert\Stockist cert & mill cert of 911282HK-1.pdf,911282HK-1,911282HK,,,,no reverse mapping
SKIP_NO_DN,D:\Stockist&Test Report\Stockist Cert\Stockist cert & mill cert of 911282HK-2.pdf,911282HK-2,911282HK,,,,no reverse mapping
SKIP_NO_DN,D:\Stockist&Test Report\Stockist Cert\Stockist cert & mill cert of 911282HK-3.pdf,911282HK-3,911282HK,,,,no reverse mapping
SKIP_NO_DN,D:\Stockist&Test Report\Stockist Cert\Stockist cert & mill cert of 911416HK-1.pdf,911416HK-1,911416HK,,,,no reverse mapping
SKIP_NO_DN,D:\Stockist&Test Report\Stockist Cert\Stockist cert & mill cert of 911416HK-2.pdf,911416HK-2,911416HK,,,,no reverse mapping
SKIP_NO_DN,D:\Stockist&Test Report\Stockist Cert\Stockist cert & mill cert of 911416HK-3.pdf,911416HK-3,911416HK,,,,no reverse mapping
SKIP_NO_DN,D:\Stockist&Test Report\Stockist Cert\Stockist cert & mill cert of 911416HK-4.pdf,911416HK-4,911416HK,,,,no reverse mapping
SKIP_NO_DN,D:\Stockist&Test Report\Stockist Cert\Stockist cert & mill cert of 911416HK-5.pdf,911416HK-5,911416HK,,,,no reverse mapping
SKIP_NO_DN,D:\Stockist&Test Report\Stockist Cert\Stockist cert & mill cert of 911416HK-6.pdf,911416HK-6,911416HK,,,,no reverse mapping
SKIP_NO_DN,D:\Stockist&Test Report\Stockist Cert\Stockist cert & mill cert of 9465-1.pdf,9465-1,9465,,,,no reverse mapping
SKIP_NO_DN,D:\Stockist&Test Report\Stockist Cert\Stockist cert & mill cert of 9465-2.pdf,9465-2,9465,,,,no reverse mapping
SKIP_NO_DN,D:\Stockist&Test Report\Stockist Cert\Stockist cert & mill cert of 9465-3.pdf,9465-3,9465,,,,no reverse mapping
SKIP_NO_DN,D:\Stockist&Test Report\Stockist Cert\Stockist cert & mill cert of 9465-4.pdf,9465-4,9465,,,,no reverse mapping
SKIP_NO_DN,D:\Stockist&Test Report\Stockist Cert\Stockist cert & mill cert of C0146.pdf,C0146,C0146,,,,no reverse mapping
SKIP_NO_DN,D:\Stockist&Test Report\Stockist Cert\Stockist cert & mill cert of C0147.pdf,C0147,C0147,,,,no reverse mapping
SKIP_NO_DN,D:\Stockist&Test Report\Stockist Cert\Stockist cert & mill cert of C0148.pdf,C0148,C0148,,,,no reverse mapping
SKIP_NO_DN,D:\Stockist&Test Report\Stockist Cert\Stockist cert & mill cert of C0149.pdf,C0149,C0149,,,,no reverse mapping
SKIP_NO_DN,D:\Stockist&Test Report\Stockist Cert\Stockist cert & mill cert of C0150.pdf,C0150,C0150,,,,no reverse mapping
SKIP_NO_DN,D:\Stockist&Test Report\Stockist Cert\Stockist cert & mill cert of C0151.pdf,C0151,C0151,,,,no reverse mapping
SKIP_NO_DN,D:\Stockist&Test Report\Stockist Cert\Stockist cert & mill cert of C0152.pdf,C0152,C0152,,,,no reverse mapping
SKIP_NO_DN,D:\Stockist&Test Report\Stockist Cert\Stockist cert & mill cert of C0153.pdf,C0153,C0153,,,,no reverse mapping
SKIP_NO_DN,D:\Stockist&Test Report\Stockist Cert\Stockist cert & mill cert of C0154.pdf,C0154,C0154,,,,no reverse mapping
SKIP_NO_DN,D:\Stockist&Test Report\Stockist Cert\Stockist cert & mill cert of C0155.pdf,C0155,C0155,,,,no reverse mapping
SKIP_NO_DN,D:\Stockist&Test Report\Stockist Cert\Stockist cert & mill cert of C0156.pdf,C0156,C0156,,,,no reverse mapping
SKIP_NO_DN,D:\Stockist&Test Report\Stockist Cert\Stockist cert & mill cert of C0157.pdf,C0157,C0157,,,,no reverse mapping
SKIP_NO_DN,D:\Stockist&Test Report\Stockist Cert\Stockist cert & mill cert of C0158.pdf,C0158,C0158,,,,no reverse mapping
SKIP_NO_DN,D:\Stockist&Test Report\Stockist Cert\Stockist cert & mill cert of C0159.pdf,C0159,C0159,,,,no reverse mapping
SKIP_NO_DN,D:\Stockist&Test Report\Stockist Cert\Stockist cert & mill cert of C0160.pdf,C0160,C0160,,,,no reverse mapping
SKIP_NO_DN,D:\Stockist&Test Report\Stockist Cert\Stockist cert & mill cert of C0161.pdf,C0161,C0161,,,,no reverse mapping
SKIP_NO_DN,D:\Stockist&Test Report\Stockist Cert\Stockist cert & mill cert of C0162.pdf,C0162,C0162,,,,no reverse mapping
SKIP_NO_DN,D:\Stockist&Test Report\Stockist Cert\Stockist cert & mill cert of C0163.pdf,C0163,C0163,,,,no reverse mapping
SKIP_NO_DN,D:\Stockist&Test Report\Stockist Cert\Stockist cert & mill cert of C0164.pdf,C0164,C0164,,,,no reverse mapping
SKIP_NO_DN,D:\Stockist&Test Report\Stockist Cert\Stockist cert & mill cert of C0165.pdf,C0165,C0165,,,,no reverse mapping
SKIP_NO_DN,D:\Stockist&Test Report\Stockist Cert\Stockist cert & mill cert of C0166.pdf,C0166,C0166,,,,no reverse mapping
SKIP_NO_DN,D:\Stockist&Test Report\Stockist Cert\Stockist cert & mill cert of C0167.pdf,C0167,C0167,,,,no reverse mapping
SKIP_NO_DN,D:\Stockist&Test Report\Stockist Cert\Stockist cert & mill cert of C0168.pdf,C0168,C0168,,,,no reverse mapping
SKIP_NO_DN,D:\Stockist&Test Report\Stockist Cert\Stockist cert & mill cert of C0169.pdf,C0169,C0169,,,,no reverse mapping
SKIP_NO_DN,D:\Stockist&Test Report\Stockist Cert\Stockist cert & mill Cert of C0170.pdf,C0170,C0170,,,,no reverse mapping
SKIP_NO_DN,D:\Stockist&Test Report\Stockist Cert\Stockist cert & Mill Cert of C0171.pdf,C0171,C0171,,,,no reverse mapping
SKIP_NO_DN,D:\Stockist&Test Report\Stockist Cert\Stockist cert & mill cert of C0172.pdf,C0172,C0172,,,,no reverse mapping
SKIP_NO_DN,D:\Stockist&Test Report\Stockist Cert\Stockist cert & mill cert of C0173.pdf,C0173,C0173,,,,no reverse mapping
SKIP_NO_DN,D:\Stockist&Test Report\Stockist Cert\Stockist cert & mill cert of C0174.pdf,C0174,C0174,,,,no reverse mapping
SKIP_NO_DN,D:\Stockist&Test Report\Stockist Cert\Stockist cert & mill cert of C0175.pdf,C0175,C0175,,,,no reverse mapping
SKIP_NO_DN,D:\Stockist&Test Report\Stockist Cert\Stockist cert & mill cert of C0176.pdf,C0176,C0176,,,,no reverse mapping
SKIP_NO_DN,D:\Stockist&Test Report\Stockist Cert\Stockist cert & mill cert of C0177.pdf,C0177,C0177,,,,no reverse mapping
SKIP_NO_DN,D:\Stockist&Test Report\Stockist Cert\Stockist cert & mill cert of C0178.pdf,C0178,C0178,,,,no reverse mapping
SKIP_NO_DN,D:\Stockist&Test Report\Stockist Cert\Stockist cert & mill cert of C0179.pdf,C0179,C0179,,,,no reverse mapping
SKIP_NO_DN,D:\Stockist&Test Report\Stockist Cert\Stockist cert & mill cert of C0180.pdf,C0180,C0180,,,,no reverse mapping
SKIP_NO_DN,D:\Stockist&Test Report\Stockist Cert\Stockist cert & mill cert of C0181.pdf,C0181,C0181,,,,no reverse mapping
SKIP_NO_DN,D:\Stockist&Test Report\Stockist Cert\Stockist cert & mill cert of C0182.pdf,C0182,C0182,,,,no reverse mapping
SKIP_NO_DN,D:\Stockist&Test Report\Stockist Cert\Stockist cert & mill cert of C0183.pdf,C0183,C0183,,,,no reverse mapping
SKIP_NO_DN,D:\Stockist&Test Report\Stockist Cert\Stockist cert & mill cert of C0184.pdf,C0184,C0184,,,,no reverse mapping
SKIP_NO_DN,D:\Stockist&Test Report\Stockist Cert\Stockist cert & mill cert of C0185.pdf,C0185,C0185,,,,no reverse mapping
SKIP_NO_DN,D:\Stockist&Test Report\Stockist Cert\Stockist cert & mill cert of C0186.pdf,C0186,C0186,,,,no reverse mapping
SKIP_NO_DN,D:\Stockist&Test Report\Stockist Cert\Stockist cert & mill cert of C0187.pdf,C0187,C0187,,,,no reverse mapping
SKIP_NO_DN,D:\Stockist&Test Report\Stockist Cert\Stockist cert & mill cert of C0188.pdf,C0188,C0188,,,,no reverse mapping
SKIP_NO_DN,D:\Stockist&Test Report\Stockist Cert\Stockist cert & mill cert of C0189.pdf,C0189,C0189,,,,no reverse mapping
SKIP_NO_DN,D:\Stockist&Test Report\Stockist Cert\Stockist cert & mill cert of C0190.pdf,C0190,C0190,,,,no reverse mapping
SKIP_NO_DN,D:\Stockist&Test Report\Stockist Cert\Stockist cert & mill cert of C0193.pdf,C0193,C0193,,,,no reverse mapping
SKIP_NO_DN,D:\Stockist&Test Report\Stockist Cert\Stockist cert & mill cert of C0194.pdf,C0194,C0194,,,,no reverse mapping
SKIP_NO_DN,D:\Stockist&Test Report\Stockist Cert\Stockist cert & mill cert of C0195.pdf,C0195,C0195,,,,no reverse mapping
SKIP_NO_DN,D:\Stockist&Test Report\Stockist Cert\Stockist cert & mill cert of C0196.pdf,C0196,C0196,,,,no reverse mapping
SKIP_NO_DN,D:\Stockist&Test Report\Stockist Cert\Stockist cert & mill cert of C0197.pdf,C0197,C0197,,,,no reverse mapping
SKIP_NO_DN,D:\Stockist&Test Report\Stockist Cert\Stockist cert & mill cert of C0198.pdf,C0198,C0198,,,,no reverse mapping
SKIP_NO_DN,D:\Stockist&Test Report\Stockist Cert\Stockist cert & mill cert of C0199.pdf,C0199,C0199,,,,no reverse mapping
SKIP_NO_DN,D:\Stockist&Test Report\Stockist Cert\Stockist cert & mill cert of C0200.pdf,C0200,C0200,,,,no reverse mapping
SKIP_NO_DN,D:\Stockist&Test Report\Stockist Cert\Stockist cert & mill cert of C0201.pdf,C0201,C0201,,,,no reverse mapping
SKIP_NO_DN,D:\Stockist&Test Report\Stockist Cert\Stockist cert & mill cert of C0202.pdf,C0202,C0202,,,,no reverse mapping
SKIP_NO_DN,D:\Stockist&Test Report\Stockist Cert\Stockist cert & mill cert of C0203.pdf,C0203,C0203,,,,no reverse mapping
SKIP_NO_DN,D:\Stockist&Test Report\Stockist Cert\Stockist cert & mill cert of C0204.pdf,C0204,C0204,,,,no reverse mapping
SKIP_NO_DN,D:\Stockist&Test Report\Stockist Cert\Stockist cert & mill cert of C0205.pdf,C0205,C0205,,,,no reverse mapping
SKIP_NO_DN,D:\Stockist&Test Report\Stockist Cert\Stockist cert & mill cert of C0206.pdf,C0206,C0206,,,,no reverse mapping
SKIP_NO_DN,D:\Stockist&Test Report\Stockist Cert\Stockist cert & mill cert of C0207.pdf,C0207,C0207,,,,no reverse mapping
SKIP_NO_DN,D:\Stockist&Test Report\Stockist Cert\Stockist cert & mill cert of C0208.pdf,C0208,C0208,,,,no reverse mapping
SKIP_NO_DN,D:\Stockist&Test Report\Stockist Cert\Stockist cert & mill cert of C0209.pdf,C0209,C0209,,,,no reverse mapping
SKIP_NO_DN,D:\Stockist&Test Report\Stockist Cert\Stockist cert & mill cert of C0210.pdf,C0210,C0210,,,,no reverse mapping
SKIP_NO_DN,D:\Stockist&Test Report\Stockist Cert\Stockist cert & mill cert of C0211.pdf,C0211,C0211,,,,no reverse mapping
SKIP_NO_DN,D:\Stockist&Test Report\Stockist Cert\Stockist cert & mill cert of C0212.pdf,C0212,C0212,,,,no reverse mapping
SKIP_NO_DN,D:\Stockist&Test Report\Stockist Cert\Stockist cert & mill cert of C0213.pdf,C0213,C0213,,,,no reverse mapping
SKIP_NO_DN,D:\Stockist&Test Report\Stockist Cert\Stockist cert & mill cert of C0214.pdf,C0214,C0214,,,,no reverse mapping
SKIP_NO_DN,D:\Stockist&Test Report\Stockist Cert\Stockist cert & mill cert of C0215.pdf,C0215,C0215,,,,no reverse mapping
SKIP_NO_DN,D:\Stockist&Test Report\Stockist Cert\Stockist cert & mill cert of C0216.pdf,C0216,C0216,,,,no reverse mapping
SKIP_NO_DN,D:\Stockist&Test Report\Stockist Cert\Stockist cert & mill cert of C0217.pdf,C0217,C0217,,,,no reverse mapping
SKIP_NO_DN,D:\Stockist&Test Report\Stockist Cert\Stockist cert & mill cert of C0218.pdf,C0218,C0218,,,,no reverse mapping
SKIP_NO_DN,D:\Stockist&Test Report\Stockist Cert\Stockist cert & mill cert of C0219.pdf,C0219,C0219,,,,no reverse mapping
SKIP_NO_DN,D:\Stockist&Test Report\Stockist Cert\Stockist cert & mill cert of C0220.pdf,C0220,C0220,,,,no reverse mapping
SKIP_NO_DN,D:\Stockist&Test Report\Stockist Cert\Stockist cert & Mill Cert of C0221.pdf,C0221,C0221,,,,no reverse mapping
SKIP_NO_DN,D:\Stockist&Test Report\Stockist Cert\Stockist cert & Mill Cert of C0222.pdf,C0222,C0222,,,,no reverse mapping
SKIP_NO_DN,D:\Stockist&Test Report\Stockist Cert\Stockist cert & Mill Cert of C0223.pdf,C0223,C0223,,,,no reverse mapping
SKIP_NO_DN,D:\Stockist&Test Report\Stockist Cert\Stockist cert & Mill Cert of C0224.pdf,C0224,C0224,,,,no reverse mapping
SKIP_NO_DN,D:\Stockist&Test Report\Stockist Cert\Stockist cert & Mill Cert of C0225.pdf,C0225,C0225,,,,no reverse mapping
SKIP_NO_DN,D:\Stockist&Test Report\Stockist Cert\Stockist cert & Mill Cert of C0226.pdf,C0226,C0226,,,,no reverse mapping
SKIP_NO_DN,D:\Stockist&Test Report\Stockist Cert\Stockist cert & mill cert of C0227.pdf,C0227,C0227,,,,no reverse mapping
SKIP_NO_DN,D:\Stockist&Test Report\Stockist Cert\Stockist cert & mill cert of C0228.pdf,C0228,C0228,,,,no reverse mapping
SKIP_NO_DN,D:\Stockist&Test Report\Stockist Cert\Stockist cert & mill cert of C0229.pdf,C0229,C0229,,,,no reverse mapping
SKIP_NO_DN,D:\Stockist&Test Report\Stockist Cert\Stockist cert & mill cert of C0230.pdf,C0230,C0230,,,,no reverse mapping
SKIP_NO_DN,D:\Stockist&Test Report\Stockist Cert\Stockist cert & mill cert of C0231.pdf,C0231,C0231,,,,no reverse mapping
SKIP_NO_DN,D:\Stockist&Test Report\Stockist Cert\Stockist cert & mill cert of C0232.pdf,C0232,C0232,,,,no reverse mapping
SKIP_NO_DN,D:\Stockist&Test Report\Stockist Cert\Stockist cert & mill cert of C0233.pdf,C0233,C0233,,,,no reverse mapping
SKIP_NO_DN,D:\Stockist&Test Report\Stockist Cert\Stockist cert & mill cert of C0234.pdf,C0234,C0234,,,,no reverse mapping
SKIP_NO_DN,D:\Stockist&Test Report\Stockist Cert\Stockist cert & mill cert of C0235.pdf,C0235,C0235,,,,no reverse mapping
SKIP_NO_DN,D:\Stockist&Test Report\Stockist Cert\Stockist cert & mill cert of C0236.pdf,C0236,C0236,,,,no reverse mapping
SKIP_NO_DN,D:\Stockist&Test Report\Stockist Cert\Stockist cert & mill cert of C0237.pdf,C0237,C0237,,,,no reverse mapping
SKIP_NO_DN,D:\Stockist&Test Report\Stockist Cert\Stockist cert & mill cert of C0238.pdf,C0238,C0238,,,,no reverse mapping
SKIP_NO_DN,D:\Stockist&Test Report\Stockist Cert\Stockist cert & mill cert of C0239.pdf,C0239,C0239,,,,no reverse mapping
SKIP_NO_DN,D:\Stockist&Test Report\Stockist Cert\Stockist cert & mill cert of C0240.pdf,C0240,C0240,,,,no reverse mapping
SKIP_NO_DN,D:\Stockist&Test Report\Stockist Cert\Stockist cert & mill cert of C0241.pdf,C0241,C0241,,,,no reverse mapping
SKIP_NO_DN,D:\Stockist&Test Report\Stockist Cert\Stockist cert & mill cert of C0242.pdf,C0242,C0242,,,,no reverse mapping
SKIP_NO_DN,D:\Stockist&Test Report\Stockist Cert\Stockist cert & mill cert of C0243.pdf,C0243,C0243,,,,no reverse mapping
SKIP_NO_DN,D:\Stockist&Test Report\Stockist Cert\Stockist cert & mill cert of C0244.pdf,C0244,C0244,,,,no reverse mapping
SKIP_NO_DN,D:\Stockist&Test Report\Stockist Cert\Stockist cert & mill cert of C0245.pdf,C0245,C0245,,,,no reverse mapping
SKIP_NO_DN,D:\Stockist&Test Report\Stockist Cert\Stockist cert & mill cert of C0246.pdf,C0246,C0246,,,,no reverse mapping
SKIP_NO_DN,D:\Stockist&Test Report\Stockist Cert\Stockist cert & mill cert of C0247.pdf,C0247,C0247,,,,no reverse mapping
SKIP_NO_DN,D:\Stockist&Test Report\Stockist Cert\Stockist cert & mill cert of C0248.pdf,C0248,C0248,,,,no reverse mapping
SKIP_NO_DN,D:\Stockist&Test Report\Stockist Cert\Stockist cert & mill cert of C0249.pdf,C0249,C0249,,,,no reverse mapping
SKIP_NO_DN,D:\Stockist&Test Report\Stockist Cert\Stockist cert & mill cert of C0250.pdf,C0250,C0250,,,,no reverse mapping
SKIP_NO_DN,D:\Stockist&Test Report\Stockist Cert\Stockist cert & mill cert of C0251.pdf,C0251,C0251,,,,no reverse mapping
SKIP_NO_DN,D:\Stockist&Test Report\Stockist Cert\Stockist cert & mill cert of C0252.pdf,C0252,C0252,,,,no reverse mapping
SKIP_NO_DN,D:\Stockist&Test Report\Stockist Cert\Stockist cert & mill cert of C0253.pdf,C0253,C0253,,,,no reverse mapping
SKIP_NO_DN,D:\Stockist&Test Report\Stockist Cert\Stockist cert & mill cert of C0254.pdf,C0254,C0254,,,,no reverse mapping
SKIP_NO_DN,D:\Stockist&Test Report\Stockist Cert\Stockist cert & mill cert of C0255.pdf,C0255,C0255,,,,no reverse mapping
SKIP_NO_DN,D:\Stockist&Test Report\Stockist Cert\Stockist cert & mill cert of C0257.pdf,C0257,C0257,,,,no reverse mapping
SKIP_NO_DN,D:\Stockist&Test Report\Stockist Cert\Stockist cert & mill cert of C0258.pdf,C0258,C0258,,,,no reverse mapping
SKIP_NO_DN,D:\Stockist&Test Report\Stockist Cert\Stockist cert & mill cert of C0259.pdf,C0259,C0259,,,,no reverse mapping
SKIP_NO_DN,D:\Stockist&Test Report\Stockist Cert\Stockist cert & mill cert of C0260.pdf,C0260,C0260,,,,no reverse mapping
SKIP_NO_DN,D:\Stockist&Test Report\Stockist Cert\Stockist cert & mill cert of C0261.pdf,C0261,C0261,,,,no reverse mapping
SKIP_NO_DN,D:\Stockist&Test Report\Stockist Cert\Stockist cert & mill cert of C0262.pdf,C0262,C0262,,,,no reverse mapping
SKIP_NO_DN,D:\Stockist&Test Report\Stockist Cert\Stockist cert & mill cert of C0263.pdf,C0263,C0263,,,,no reverse mapping
SKIP_NO_DN,D:\Stockist&Test Report\Stockist Cert\Stockist cert & mill cert of C0264.pdf,C0264,C0264,,,,no reverse mapping
SKIP_NO_DN,D:\Stockist&Test Report\Stockist Cert\Stockist cert & mill cert of C0265.pdf,C0265,C0265,,,,no reverse mapping
SKIP_NO_DN,D:\Stockist&Test Report\Stockist Cert\Stockist cert & mill cert of C0266.pdf,C0266,C0266,,,,no reverse mapping
SKIP_NO_DN,D:\Stockist&Test Report\Stockist Cert\Stockist cert & mill cert of C0267.pdf,C0267,C0267,,,,no reverse mapping
SKIP_NO_DN,D:\Stockist&Test Report\Stockist Cert\Stockist cert & mill cert of C0268.pdf,C0268,C0268,,,,no reverse mapping
SKIP_NO_DN,D:\Stockist&Test Report\Stockist Cert\Stockist cert & mill cert of C0269.pdf,C0269,C0269,,,,no reverse mapping
SKIP_NO_DN,D:\Stockist&Test Report\Stockist Cert\Stockist cert & mill cert of C0270.pdf,C0270,C0270,,,,no reverse mapping
SKIP_NO_DN,D:\Stockist&Test Report\Stockist Cert\Stockist cert & mill cert of C0271.pdf,C0271,C0271,,,,no reverse mapping
SKIP_NO_DN,D:\Stockist&Test Report\Stockist Cert\Stockist cert & mill cert of C0272.pdf,C0272,C0272,,,,no reverse mapping
SKIP_NO_DN,D:\Stockist&Test Report\Stockist Cert\Stockist cert & mill cert of C0273.pdf,C0273,C0273,,,,no reverse mapping
SKIP_NO_DN,D:\Stockist&Test Report\Stockist Cert\Stockist cert & mill cert of C0274.pdf,C0274,C0274,,,,no reverse mapping
SKIP_NO_DN,D:\Stockist&Test Report\Stockist Cert\Stockist cert & mill cert of C0275.pdf,C0275,C0275,,,,no reverse mapping
SKIP_NO_DN,D:\Stockist&Test Report\Stockist Cert\Stockist cert & mill cert of C0276.pdf,C0276,C0276,,,,no reverse mapping
SKIP_NO_DN,D:\Stockist&Test Report\Stockist Cert\Stockist cert & mill cert of C0277.pdf,C0277,C0277,,,,no reverse mapping
SKIP_NO_DN,D:\Stockist&Test Report\Stockist Cert\Stockist cert & mill cert of C0278.pdf,C0278,C0278,,,,no reverse mapping
SKIP_NO_DN,D:\Stockist&Test Report\Stockist Cert\Stockist cert & mill cert of C0279.pdf,C0279,C0279,,,,no reverse mapping
SKIP_NO_DN,D:\Stockist&Test Report\Stockist Cert\Stockist cert & mill cert of C0280.pdf,C0280,C0280,,,,no reverse mapping
SKIP_NO_DN,D:\Stockist&Test Report\Stockist Cert\Stockist cert & mill cert of C0281.pdf,C0281,C0281,,,,no reverse mapping
SKIP_NO_DN,D:\Stockist&Test Report\Stockist Cert\Stockist cert & mill cert of C0282.pdf,C0282,C0282,,,,no reverse mapping
SKIP_NO_DN,D:\Stockist&Test Report\Stockist Cert\Stockist cert & mill cert of C0283.pdf,C0283,C0283,,,,no reverse mapping
SKIP_NO_DN,D:\Stockist&Test Report\Stockist Cert\Stockist cert & mill cert of C0284.pdf,C0284,C0284,,,,no reverse mapping
SKIP_NO_DN,D:\Stockist&Test Report\Stockist Cert\Stockist cert & mill cert of C0285.pdf,C0285,C0285,,,,no reverse mapping
SKIP_NO_DN,D:\Stockist&Test Report\Stockist Cert\Stockist cert & mill cert of C0286.pdf,C0286,C0286,,,,no reverse mapping
SKIP_NO_DN,D:\Stockist&Test Report\Stockist Cert\Stockist cert & mill cert of C0287.pdf,C0287,C0287,,,,no reverse mapping
SKIP_NO_DN,D:\Stockist&Test Report\Stockist Cert\Stockist cert & mill cert of C0288.pdf,C0288,C0288,,,,no reverse mapping
SKIP_NO_DN,D:\Stockist&Test Report\Stockist Cert\Stockist cert & mill cert of C0289.pdf,C0289,C0289,,,,no reverse mapping
SKIP_NO_DN,D:\Stockist&Test Report\Stockist Cert\Stockist cert & mill cert of C0290.pdf,C0290,C0290,,,,no reverse mapping
SKIP_NO_DN,D:\Stockist&Test Report\Stockist Cert\Stockist cert & mill cert of C0291.pdf,C0291,C0291,,,,no reverse mapping
SKIP_NO_DN,D:\Stockist&Test Report\Stockist Cert\Stockist cert & mill cert of C0292.pdf,C0292,C0292,,,,no reverse mapping
SKIP_NO_DN,D:\Stockist&Test Report\Stockist Cert\Stockist cert & mill cert of C0293.pdf,C0293,C0293,,,,no reverse mapping
SKIP_NO_DN,D:\Stockist&Test Report\Stockist Cert\Stockist cert & mill cert of C0294.pdf,C0294,C0294,,,,no reverse mapping
SKIP_NO_DN,D:\Stockist&Test Report\Stockist Cert\Stockist cert & mill cert of C0295.pdf,C0295,C0295,,,,no reverse mapping
SKIP_NO_DN,D:\Stockist&Test Report\Stockist Cert\Stockist cert & mill cert of C0296.pdf,C0296,C0296,,,,no reverse mapping
SKIP_NO_DN,D:\Stockist&Test Report\Stockist Cert\Stockist cert & mill cert of C0297.pdf,C0297,C0297,,,,no reverse mapping
SKIP_NO_DN,D:\Stockist&Test Report\Stockist Cert\Stockist cert & mill cert of C0298.pdf,C0298,C0298,,,,no reverse mapping
SKIP_NO_DN,D:\Stockist&Test Report\Stockist Cert\Stockist cert & mill cert of C0299.pdf,C0299,C0299,,,,no reverse mapping
SKIP_NO_DN,D:\Stockist&Test Report\Stockist Cert\Stockist cert & mill cert of C0300.pdf,C0300,C0300,,,,no reverse mapping
SKIP_NO_DN,D:\Stockist&Test Report\Stockist Cert\Stockist cert & mill cert of C0310.pdf,C0310,C0310,,,,no reverse mapping
SKIP_NO_DN,D:\Stockist&Test Report\Stockist Cert\Stockist cert & mill cert of C0311.pdf,C0311,C0311,,,,no reverse mapping
SKIP_NO_DN,D:\Stockist&Test Report\Stockist Cert\Stockist cert & mill cert of C0314.pdf,C0314,C0314,,,,no reverse mapping
SKIP_NO_DN,D:\Stockist&Test Report\Stockist Cert\Stockist cert & mill cert of C0357.pdf,C0357,C0357,,,,no reverse mapping
SKIP_NO_DN,D:\Stockist&Test Report\Stockist Cert\Stockist cert & mill cert of C0358.pdf,C0358,C0358,,,,no reverse mapping
SKIP_NO_DN,D:\Stockist&Test Report\Stockist Cert\Stockist cert & mill cert of C0359.pdf,C0359,C0359,,,,no reverse mapping
SKIP_NO_DN,D:\Stockist&Test Report\Stockist Cert\Stockist cert & mill cert of C0360.pdf,C0360,C0360,,,,no reverse mapping
SKIP_NO_DN,D:\Stockist&Test Report\Stockist Cert\Stockist cert & mill cert of C0361.pdf,C0361,C0361,,,,no reverse mapping
SKIP_NO_DN,D:\Stockist&Test Report\Stockist Cert\Stockist cert & mill cert of D1900247.pdf,D1900247,D1900247,,,,no reverse mapping
SKIP_NO_DN,D:\Stockist&Test Report\Stockist Cert\Stockist cert & mill cert of SS63636.pdf,SS63636,SS63636,,,,no reverse mapping
SKIP_NO_DN,D:\Stockist&Test Report\Stockist Cert\Stockist cert & mill cert of SS66479.pdf,SS66479,SS66479,,,,no reverse mapping
SKIP_NO_DN,D:\Stockist&Test Report\Stockist Cert\Stockist cert & mill cert of SS66482.pdf,SS66482,SS66482,,,,no reverse mapping
SKIP_NO_DN,D:\Stockist&Test Report\Stockist Cert\Stockist cert & mill cert of SS66879.pdf,SS66879,SS66879,,,,no reverse mapping
SKIP_NO_DN,D:\Stockist&Test Report\Stockist Cert\Stockist cert & mill cert of SS67911.pdf,SS67911,SS67911,,,,no reverse mapping
SKIP_NO_DN,D:\Stockist&Test Report\Stockist Cert\Stockist cert & mill cert of SS67919.pdf,SS67919,SS67919,,,,no reverse mapping
SKIP_NO_DN,D:\Stockist&Test Report\Stockist Cert\Stockist cert & mill cert of SS67920.pdf,SS67920,SS67920,,,,no reverse mapping
SKIP_NO_DN,D:\Stockist&Test Report\Stockist Cert\Stockist cert & mill cert of SS67921.pdf,SS67921,SS67921,,,,no reverse mapping
SKIP_NO_DN,D:\Stockist&Test Report\Stockist Cert\Stockist cert & mill cert of SS67922.pdf,SS67922,SS67922,,,,no reverse mapping
SKIP_NO_DN,D:\Stockist&Test Report\Stockist Cert\Stockist cert & mill cert of SS68624.pdf,SS68624,SS68624,,,,no reverse mapping
SKIP_NO_DN,D:\Stockist&Test Report\Stockist Cert\Stockist cert & mill cert of SS68675.pdf,SS68675,SS68675,,,,no reverse mapping
SKIP_NO_DN,D:\Stockist&Test Report\Stockist Cert\Stockist cert & mill cert of SS70753.pdf,SS70753,SS70753,,,,no reverse mapping
SKIP_NO_DN,D:\Stockist&Test Report\Stockist Cert\Stockist cert & mill cert of SS71038.pdf,SS71038,SS71038,,,,no reverse mapping
SKIP_NO_DN,D:\Stockist&Test Report\Stockist Cert\Stockist cert & mill cert of SS71041.pdf,SS71041,SS71041,,,,no reverse mapping
SKIP_NO_DN,D:\Stockist&Test Report\Stockist Cert\Stockist cert & mill cert of SS71042.pdf,SS71042,SS71042,,,,no reverse mapping
SKIP_NO_DN,D:\Stockist&Test Report\Stockist Cert\Stockist cert & mill cert of SS71446.pdf,SS71446,SS71446,,,,no reverse mapping
SKIP_NO_DN,D:\Stockist&Test Report\Stockist Cert\Stockist cert & mill cert of SS73616.pdf,SS73616,SS73616,,,,no reverse mapping
SKIP_NO_DN,D:\Stockist&Test Report\Stockist Cert\Stockist cert & mill cert of SS73617.pdf,SS73617,SS73617,,,,no reverse mapping
SKIP_NO_DN,D:\Stockist&Test Report\Stockist Cert\Stockist cert & mill cert of SS73622.pdf,SS73622,SS73622,,,,no reverse mapping
SKIP_NO_DN,D:\Stockist&Test Report\Stockist Cert\Stockist cert & mill cert of SS73625.pdf,SS73625,SS73625,,,,no reverse mapping
SKIP_NO_DN,D:\Stockist&Test Report\Stockist Cert\Stockist cert & mill cert of SS74168.pdf,SS74168,SS74168,,,,no reverse mapping
SKIP_NO_DN,D:\Stockist&Test Report\Stockist Cert\Stockist cert & mill cert of SSS70138.pdf,SSS70138,SSS70138,,,,no reverse mapping
SKIP_NO_DN,D:\Stockist&Test Report\Stockist Cert\Stockist cert & mill cert of SSS70139.pdf,SSS70139,SSS70139,,,,no reverse mapping
SKIP_NO_DN,D:\Stockist&Test Report\Stockist Cert\Stockist cert & mill cert of SSS70140.pdf,SSS70140,SSS70140,,,,no reverse mapping
SKIP_NO_DN,D:\Stockist&Test Report\Stockist Cert\Stockist cert & mill cert of T9001-724.pdf,T9001-724,T9001,,,,no reverse mapping
